"fips","Urban_Code"
2013,"Noncore"
2020,"Medium metro"
2050,"Noncore"
2070,"Noncore"
2090,"Small metro"
2105,"Noncore"
2110,"Micropolitan"
2122,"Noncore"
2130,"Micropolitan"
2150,"Noncore"
2170,"Medium metro"
2185,"Noncore"
2220,"Noncore"
2261,"Noncore"
2270,"Noncore"
1001,"Medium metro"
1003,"Small metro"
1005,"Noncore"
1007,"Large fringe metro"
1009,"Large fringe metro"
1011,"Noncore"
1013,"Noncore"
1015,"Small metro"
1017,"Micropolitan"
1019,"Noncore"
1021,"Large fringe metro"
1023,"Noncore"
1025,"Noncore"
1027,"Noncore"
1029,"Noncore"
1031,"Micropolitan"
1033,"Small metro"
1035,"Noncore"
1037,"Micropolitan"
1039,"Noncore"
1041,"Noncore"
1043,"Micropolitan"
1045,"Micropolitan"
1047,"Micropolitan"
1049,"Noncore"
1051,"Medium metro"
1053,"Noncore"
1055,"Small metro"
1057,"Noncore"
1059,"Noncore"
1061,"Small metro"
1063,"Noncore"
1065,"Small metro"
1067,"Small metro"
1069,"Small metro"
1071,"Micropolitan"
1073,"Large central metro"
1075,"Noncore"
1077,"Small metro"
1079,"Small metro"
1081,"Small metro"
1083,"Medium metro"
1085,"Medium metro"
1087,"Noncore"
1089,"Medium metro"
1091,"Noncore"
1093,"Noncore"
1095,"Micropolitan"
1097,"Medium metro"
1099,"Noncore"
1101,"Medium metro"
1103,"Small metro"
1105,"Noncore"
1107,"Small metro"
1109,"Micropolitan"
1111,"Noncore"
1113,"Medium metro"
1115,"Large fringe metro"
1117,"Large fringe metro"
1119,"Noncore"
1121,"Micropolitan"
1123,"Noncore"
1125,"Small metro"
1127,"Large fringe metro"
1129,"Noncore"
1131,"Noncore"
1133,"Noncore"
5001,"Noncore"
5003,"Noncore"
5005,"Micropolitan"
5007,"Medium metro"
5009,"Micropolitan"
5011,"Noncore"
5015,"Noncore"
5017,"Noncore"
5019,"Micropolitan"
5021,"Noncore"
5023,"Noncore"
5025,"Small metro"
5027,"Micropolitan"
5029,"Noncore"
5031,"Small metro"
5033,"Medium metro"
5035,"Large fringe metro"
5037,"Noncore"
5039,"Noncore"
5041,"Noncore"
5043,"Noncore"
5045,"Medium metro"
5047,"Noncore"
5049,"Noncore"
5051,"Small metro"
5053,"Medium metro"
5055,"Micropolitan"
5057,"Noncore"
5059,"Micropolitan"
5061,"Noncore"
5063,"Micropolitan"
5065,"Noncore"
5067,"Noncore"
5069,"Small metro"
5071,"Noncore"
5073,"Noncore"
5075,"Noncore"
5077,"Noncore"
5079,"Small metro"
5081,"Small metro"
5083,"Noncore"
5085,"Medium metro"
5087,"Medium metro"
5089,"Noncore"
5091,"Small metro"
5093,"Micropolitan"
5097,"Noncore"
5099,"Noncore"
5101,"Micropolitan"
5103,"Micropolitan"
5105,"Medium metro"
5107,"Micropolitan"
5109,"Noncore"
5111,"Small metro"
5113,"Noncore"
5115,"Micropolitan"
5117,"Noncore"
5119,"Medium metro"
5121,"Noncore"
5123,"Micropolitan"
5125,"Medium metro"
5127,"Noncore"
5129,"Noncore"
5131,"Medium metro"
5133,"Noncore"
5135,"Noncore"
5137,"Noncore"
5139,"Micropolitan"
5141,"Noncore"
5143,"Medium metro"
5145,"Micropolitan"
5147,"Noncore"
5149,"Micropolitan"
4001,"Noncore"
4003,"Small metro"
4005,"Small metro"
4007,"Micropolitan"
4009,"Micropolitan"
4012,"Noncore"
4013,"Large central metro"
4015,"Small metro"
4017,"Micropolitan"
4019,"Medium metro"
4021,"Large fringe metro"
4023,"Micropolitan"
4025,"Small metro"
4027,"Small metro"
6001,"Large central metro"
6005,"Noncore"
6007,"Small metro"
6009,"Noncore"
6011,"Noncore"
6013,"Large fringe metro"
6015,"Micropolitan"
6017,"Large fringe metro"
6019,"Medium metro"
6021,"Noncore"
6023,"Micropolitan"
6025,"Small metro"
6027,"Noncore"
6029,"Medium metro"
6031,"Small metro"
6033,"Micropolitan"
6035,"Micropolitan"
6037,"Large central metro"
6039,"Small metro"
6041,"Large fringe metro"
6043,"Noncore"
6045,"Micropolitan"
6047,"Medium metro"
6049,"Noncore"
6051,"Noncore"
6053,"Medium metro"
6055,"Small metro"
6057,"Micropolitan"
6059,"Large central metro"
6061,"Large fringe metro"
6063,"Noncore"
6065,"Large central metro"
6067,"Large central metro"
6069,"Large fringe metro"
6071,"Large fringe metro"
6073,"Large central metro"
6075,"Large central metro"
6077,"Medium metro"
6079,"Medium metro"
6081,"Large fringe metro"
6083,"Medium metro"
6085,"Large central metro"
6087,"Medium metro"
6089,"Small metro"
6093,"Noncore"
6095,"Medium metro"
6097,"Medium metro"
6099,"Medium metro"
6101,"Small metro"
6103,"Micropolitan"
6105,"Noncore"
6107,"Medium metro"
6109,"Micropolitan"
6111,"Medium metro"
6113,"Large fringe metro"
6115,"Small metro"
8001,"Large fringe metro"
8003,"Noncore"
8005,"Large fringe metro"
8007,"Noncore"
8009,"Noncore"
8011,"Noncore"
8013,"Medium metro"
8014,"Large fringe metro"
8015,"Noncore"
8017,"Noncore"
8019,"Large fringe metro"
8021,"Noncore"
8025,"Noncore"
8027,"Noncore"
8029,"Noncore"
8031,"Large central metro"
8035,"Large fringe metro"
8037,"Micropolitan"
8039,"Large fringe metro"
8041,"Medium metro"
8043,"Micropolitan"
8045,"Micropolitan"
8047,"Large fringe metro"
8049,"Noncore"
8051,"Noncore"
8055,"Noncore"
8059,"Large fringe metro"
8063,"Noncore"
8065,"Noncore"
8067,"Micropolitan"
8069,"Medium metro"
8071,"Noncore"
8073,"Noncore"
8075,"Micropolitan"
8077,"Small metro"
8079,"Noncore"
8081,"Micropolitan"
8083,"Noncore"
8085,"Micropolitan"
8087,"Micropolitan"
8089,"Noncore"
8093,"Large fringe metro"
8095,"Noncore"
8097,"Micropolitan"
8099,"Noncore"
8101,"Small metro"
8103,"Noncore"
8105,"Noncore"
8107,"Micropolitan"
8109,"Noncore"
8115,"Noncore"
8117,"Micropolitan"
8119,"Medium metro"
8121,"Noncore"
8123,"Medium metro"
8125,"Noncore"
9001,"Medium metro"
9003,"Large central metro"
9005,"Micropolitan"
9007,"Large fringe metro"
9009,"Medium metro"
9011,"Medium metro"
9013,"Large fringe metro"
9015,"Medium metro"
11001,"Large central metro"
10001,"Small metro"
10003,"Large fringe metro"
10005,"Medium metro"
12001,"Medium metro"
12003,"Large fringe metro"
12005,"Small metro"
12007,"Noncore"
12009,"Medium metro"
12011,"Large fringe metro"
12013,"Noncore"
12015,"Small metro"
12017,"Small metro"
12019,"Large fringe metro"
12021,"Medium metro"
12023,"Micropolitan"
12027,"Micropolitan"
12029,"Noncore"
12031,"Large central metro"
12033,"Medium metro"
12035,"Medium metro"
12037,"Noncore"
12039,"Medium metro"
12041,"Medium metro"
12043,"Noncore"
12045,"Small metro"
12047,"Noncore"
12049,"Micropolitan"
12051,"Micropolitan"
12053,"Large fringe metro"
12055,"Small metro"
12057,"Large central metro"
12059,"Noncore"
12061,"Small metro"
12063,"Noncore"
12065,"Medium metro"
12067,"Noncore"
12069,"Large fringe metro"
12071,"Medium metro"
12073,"Medium metro"
12075,"Noncore"
12077,"Noncore"
12079,"Noncore"
12081,"Medium metro"
12083,"Medium metro"
12085,"Medium metro"
12086,"Large central metro"
12087,"Micropolitan"
12089,"Large fringe metro"
12091,"Small metro"
12093,"Micropolitan"
12095,"Large central metro"
12097,"Large fringe metro"
12099,"Large fringe metro"
12101,"Large fringe metro"
12103,"Large central metro"
12105,"Medium metro"
12107,"Micropolitan"
12109,"Large fringe metro"
12111,"Medium metro"
12113,"Medium metro"
12115,"Medium metro"
12117,"Large fringe metro"
12119,"Small metro"
12121,"Noncore"
12123,"Noncore"
12125,"Noncore"
12127,"Medium metro"
12129,"Medium metro"
12131,"Small metro"
12133,"Noncore"
13001,"Noncore"
13005,"Noncore"
13007,"Small metro"
13009,"Micropolitan"
13011,"Noncore"
13013,"Large fringe metro"
13015,"Large fringe metro"
13017,"Micropolitan"
13019,"Noncore"
13021,"Small metro"
13023,"Noncore"
13025,"Small metro"
13027,"Small metro"
13029,"Medium metro"
13031,"Micropolitan"
13033,"Medium metro"
13035,"Large fringe metro"
13037,"Noncore"
13039,"Micropolitan"
13043,"Noncore"
13045,"Large fringe metro"
13047,"Medium metro"
13049,"Noncore"
13051,"Medium metro"
13053,"Medium metro"
13055,"Micropolitan"
13057,"Large fringe metro"
13059,"Small metro"
13061,"Noncore"
13063,"Large fringe metro"
13065,"Noncore"
13067,"Large fringe metro"
13069,"Micropolitan"
13071,"Micropolitan"
13073,"Medium metro"
13075,"Noncore"
13077,"Large fringe metro"
13079,"Small metro"
13081,"Micropolitan"
13083,"Medium metro"
13085,"Large fringe metro"
13087,"Micropolitan"
13089,"Large fringe metro"
13091,"Noncore"
13093,"Noncore"
13095,"Small metro"
13097,"Large fringe metro"
13099,"Noncore"
13103,"Medium metro"
13105,"Noncore"
13107,"Noncore"
13109,"Noncore"
13111,"Noncore"
13113,"Large fringe metro"
13115,"Small metro"
13117,"Large fringe metro"
13119,"Noncore"
13121,"Large central metro"
13123,"Noncore"
13125,"Noncore"
13127,"Small metro"
13129,"Micropolitan"
13131,"Noncore"
13133,"Noncore"
13135,"Large fringe metro"
13137,"Micropolitan"
13139,"Small metro"
13141,"Micropolitan"
13143,"Large fringe metro"
13145,"Medium metro"
13147,"Noncore"
13149,"Large fringe metro"
13151,"Large fringe metro"
13153,"Small metro"
13155,"Noncore"
13157,"Micropolitan"
13159,"Large fringe metro"
13161,"Noncore"
13163,"Noncore"
13165,"Noncore"
13167,"Micropolitan"
13169,"Small metro"
13171,"Large fringe metro"
13175,"Micropolitan"
13177,"Small metro"
13179,"Small metro"
13183,"Small metro"
13185,"Small metro"
13187,"Noncore"
13189,"Medium metro"
13191,"Small metro"
13193,"Noncore"
13195,"Small metro"
13197,"Medium metro"
13199,"Large fringe metro"
13201,"Noncore"
13205,"Noncore"
13207,"Small metro"
13211,"Large fringe metro"
13213,"Small metro"
13215,"Medium metro"
13217,"Large fringe metro"
13219,"Small metro"
13221,"Small metro"
13223,"Large fringe metro"
13225,"Small metro"
13227,"Large fringe metro"
13229,"Micropolitan"
13231,"Large fringe metro"
13233,"Micropolitan"
13235,"Small metro"
13237,"Noncore"
13239,"Noncore"
13241,"Noncore"
13243,"Noncore"
13245,"Medium metro"
13247,"Large fringe metro"
13251,"Noncore"
13253,"Noncore"
13255,"Large fringe metro"
13257,"Micropolitan"
13259,"Noncore"
13261,"Micropolitan"
13263,"Noncore"
13267,"Noncore"
13269,"Noncore"
13271,"Noncore"
13273,"Small metro"
13275,"Micropolitan"
13277,"Micropolitan"
13279,"Micropolitan"
13281,"Noncore"
13283,"Noncore"
13285,"Micropolitan"
13287,"Noncore"
13289,"Small metro"
13291,"Noncore"
13293,"Micropolitan"
13295,"Medium metro"
13297,"Large fringe metro"
13299,"Micropolitan"
13301,"Noncore"
13303,"Noncore"
13305,"Micropolitan"
13309,"Noncore"
13311,"Noncore"
13313,"Small metro"
13315,"Noncore"
13317,"Noncore"
13319,"Noncore"
13321,"Small metro"
15001,"Micropolitan"
15003,"Medium metro"
15007,"Micropolitan"
15009,"Small metro"
19001,"Noncore"
19003,"Noncore"
19005,"Noncore"
19007,"Noncore"
19009,"Noncore"
19011,"Medium metro"
19013,"Small metro"
19015,"Micropolitan"
19017,"Small metro"
19019,"Noncore"
19021,"Micropolitan"
19023,"Noncore"
19025,"Noncore"
19027,"Noncore"
19029,"Noncore"
19031,"Noncore"
19033,"Micropolitan"
19035,"Noncore"
19037,"Noncore"
19039,"Noncore"
19041,"Micropolitan"
19043,"Noncore"
19045,"Micropolitan"
19047,"Noncore"
19049,"Medium metro"
19051,"Micropolitan"
19053,"Noncore"
19055,"Noncore"
19057,"Micropolitan"
19059,"Micropolitan"
19061,"Small metro"
19063,"Noncore"
19065,"Noncore"
19067,"Noncore"
19069,"Noncore"
19071,"Noncore"
19073,"Noncore"
19075,"Small metro"
19077,"Medium metro"
19079,"Noncore"
19081,"Noncore"
19083,"Noncore"
19085,"Medium metro"
19087,"Noncore"
19089,"Noncore"
19091,"Noncore"
19093,"Noncore"
19095,"Noncore"
19097,"Noncore"
19099,"Micropolitan"
19101,"Micropolitan"
19103,"Small metro"
19105,"Medium metro"
19107,"Noncore"
19109,"Noncore"
19111,"Micropolitan"
19113,"Medium metro"
19115,"Noncore"
19117,"Noncore"
19119,"Noncore"
19121,"Medium metro"
19123,"Micropolitan"
19125,"Noncore"
19127,"Micropolitan"
19129,"Medium metro"
19131,"Noncore"
19133,"Noncore"
19135,"Noncore"
19137,"Noncore"
19139,"Micropolitan"
19141,"Noncore"
19143,"Noncore"
19145,"Noncore"
19147,"Noncore"
19149,"Small metro"
19151,"Noncore"
19153,"Medium metro"
19155,"Medium metro"
19157,"Noncore"
19159,"Noncore"
19161,"Noncore"
19163,"Medium metro"
19165,"Noncore"
19167,"Noncore"
19169,"Small metro"
19171,"Noncore"
19173,"Noncore"
19175,"Noncore"
19177,"Noncore"
19179,"Micropolitan"
19181,"Medium metro"
19183,"Small metro"
19185,"Noncore"
19187,"Micropolitan"
19189,"Noncore"
19191,"Noncore"
19193,"Small metro"
19195,"Micropolitan"
19197,"Noncore"
16001,"Medium metro"
16003,"Noncore"
16005,"Small metro"
16009,"Noncore"
16011,"Micropolitan"
16013,"Micropolitan"
16015,"Medium metro"
16017,"Micropolitan"
16019,"Small metro"
16021,"Noncore"
16023,"Small metro"
16027,"Medium metro"
16029,"Noncore"
16031,"Micropolitan"
16035,"Noncore"
16037,"Noncore"
16039,"Micropolitan"
16041,"Small metro"
16043,"Micropolitan"
16045,"Medium metro"
16047,"Noncore"
16049,"Noncore"
16051,"Small metro"
16053,"Micropolitan"
16055,"Small metro"
16057,"Micropolitan"
16059,"Noncore"
16061,"Noncore"
16063,"Micropolitan"
16065,"Micropolitan"
16067,"Micropolitan"
16069,"Small metro"
16071,"Noncore"
16073,"Medium metro"
16075,"Micropolitan"
16077,"Noncore"
16079,"Noncore"
16081,"Micropolitan"
16083,"Micropolitan"
16085,"Noncore"
16087,"Noncore"
17001,"Micropolitan"
17003,"Small metro"
17005,"Large fringe metro"
17007,"Medium metro"
17009,"Noncore"
17011,"Micropolitan"
17015,"Noncore"
17017,"Noncore"
17019,"Small metro"
17021,"Micropolitan"
17023,"Noncore"
17025,"Noncore"
17027,"Large fringe metro"
17029,"Micropolitan"
17031,"Large central metro"
17033,"Noncore"
17035,"Micropolitan"
17037,"Large fringe metro"
17039,"Small metro"
17041,"Noncore"
17043,"Large fringe metro"
17045,"Noncore"
17047,"Noncore"
17049,"Micropolitan"
17051,"Noncore"
17053,"Small metro"
17055,"Noncore"
17057,"Micropolitan"
17059,"Noncore"
17061,"Noncore"
17063,"Large fringe metro"
17065,"Noncore"
17067,"Micropolitan"
17069,"Noncore"
17071,"Micropolitan"
17073,"Medium metro"
17075,"Noncore"
17077,"Small metro"
17079,"Noncore"
17081,"Micropolitan"
17083,"Large fringe metro"
17085,"Noncore"
17087,"Noncore"
17089,"Large fringe metro"
17091,"Small metro"
17093,"Large fringe metro"
17095,"Micropolitan"
17097,"Large fringe metro"
17099,"Micropolitan"
17101,"Noncore"
17103,"Micropolitan"
17105,"Micropolitan"
17107,"Micropolitan"
17109,"Micropolitan"
17111,"Large fringe metro"
17113,"Small metro"
17115,"Small metro"
17117,"Large fringe metro"
17119,"Large fringe metro"
17121,"Micropolitan"
17123,"Medium metro"
17125,"Noncore"
17127,"Micropolitan"
17129,"Small metro"
17131,"Medium metro"
17133,"Large fringe metro"
17135,"Noncore"
17137,"Micropolitan"
17139,"Noncore"
17141,"Micropolitan"
17143,"Medium metro"
17145,"Noncore"
17147,"Small metro"
17149,"Noncore"
17153,"Noncore"
17155,"Micropolitan"
17157,"Noncore"
17159,"Noncore"
17161,"Medium metro"
17163,"Large fringe metro"
17165,"Noncore"
17167,"Small metro"
17169,"Noncore"
17173,"Noncore"
17175,"Medium metro"
17177,"Micropolitan"
17179,"Medium metro"
17181,"Noncore"
17183,"Small metro"
17185,"Noncore"
17187,"Noncore"
17189,"Noncore"
17191,"Noncore"
17193,"Noncore"
17195,"Micropolitan"
17197,"Large fringe metro"
17199,"Small metro"
17201,"Medium metro"
17203,"Medium metro"
18001,"Micropolitan"
18003,"Medium metro"
18005,"Small metro"
18007,"Small metro"
18009,"Noncore"
18011,"Large fringe metro"
18013,"Large fringe metro"
18015,"Small metro"
18017,"Micropolitan"
18019,"Large fringe metro"
18021,"Small metro"
18023,"Micropolitan"
18025,"Noncore"
18027,"Micropolitan"
18029,"Large fringe metro"
18031,"Micropolitan"
18033,"Micropolitan"
18035,"Small metro"
18037,"Micropolitan"
18039,"Small metro"
18041,"Micropolitan"
18043,"Large fringe metro"
18045,"Noncore"
18047,"Noncore"
18049,"Noncore"
18051,"Noncore"
18053,"Micropolitan"
18055,"Noncore"
18057,"Large fringe metro"
18059,"Large fringe metro"
18061,"Large fringe metro"
18063,"Large fringe metro"
18065,"Micropolitan"
18067,"Small metro"
18069,"Micropolitan"
18071,"Micropolitan"
18073,"Large fringe metro"
18075,"Noncore"
18077,"Micropolitan"
18079,"Micropolitan"
18081,"Large fringe metro"
18083,"Micropolitan"
18085,"Micropolitan"
18087,"Noncore"
18089,"Large fringe metro"
18091,"Small metro"
18093,"Micropolitan"
18095,"Large fringe metro"
18097,"Large central metro"
18099,"Micropolitan"
18101,"Noncore"
18103,"Micropolitan"
18105,"Small metro"
18107,"Micropolitan"
18109,"Large fringe metro"
18111,"Large fringe metro"
18113,"Micropolitan"
18115,"Large fringe metro"
18117,"Noncore"
18119,"Small metro"
18121,"Noncore"
18123,"Noncore"
18125,"Micropolitan"
18127,"Large fringe metro"
18129,"Medium metro"
18131,"Noncore"
18133,"Large fringe metro"
18135,"Noncore"
18137,"Noncore"
18139,"Noncore"
18141,"Medium metro"
18143,"Large fringe metro"
18145,"Large fringe metro"
18147,"Noncore"
18149,"Noncore"
18151,"Micropolitan"
18153,"Small metro"
18155,"Noncore"
18157,"Small metro"
18159,"Noncore"
18161,"Large fringe metro"
18163,"Medium metro"
18165,"Small metro"
18167,"Small metro"
18169,"Micropolitan"
18171,"Noncore"
18173,"Medium metro"
18175,"Large fringe metro"
18177,"Micropolitan"
18179,"Medium metro"
18181,"Noncore"
18183,"Medium metro"
20001,"Noncore"
20003,"Noncore"
20005,"Micropolitan"
20007,"Noncore"
20009,"Micropolitan"
20011,"Noncore"
20013,"Noncore"
20015,"Medium metro"
20017,"Noncore"
20019,"Noncore"
20021,"Noncore"
20023,"Noncore"
20025,"Noncore"
20027,"Noncore"
20029,"Noncore"
20031,"Noncore"
20033,"Noncore"
20035,"Micropolitan"
20037,"Micropolitan"
20039,"Noncore"
20041,"Noncore"
20043,"Small metro"
20045,"Small metro"
20047,"Noncore"
20051,"Micropolitan"
20053,"Noncore"
20055,"Micropolitan"
20057,"Micropolitan"
20059,"Micropolitan"
20061,"Micropolitan"
20063,"Noncore"
20065,"Noncore"
20067,"Noncore"
20069,"Noncore"
20071,"Noncore"
20073,"Noncore"
20077,"Noncore"
20079,"Medium metro"
20081,"Noncore"
20083,"Noncore"
20085,"Small metro"
20087,"Small metro"
20089,"Noncore"
20091,"Large fringe metro"
20093,"Micropolitan"
20095,"Medium metro"
20097,"Noncore"
20099,"Micropolitan"
20101,"Noncore"
20103,"Large fringe metro"
20105,"Noncore"
20107,"Large fringe metro"
20109,"Noncore"
20111,"Micropolitan"
20113,"Micropolitan"
20115,"Noncore"
20117,"Noncore"
20119,"Noncore"
20121,"Large fringe metro"
20123,"Noncore"
20125,"Micropolitan"
20127,"Noncore"
20129,"Noncore"
20131,"Noncore"
20133,"Noncore"
20135,"Noncore"
20137,"Noncore"
20139,"Small metro"
20141,"Noncore"
20143,"Micropolitan"
20145,"Noncore"
20147,"Noncore"
20149,"Small metro"
20151,"Noncore"
20153,"Noncore"
20155,"Micropolitan"
20157,"Noncore"
20159,"Noncore"
20161,"Small metro"
20163,"Noncore"
20165,"Noncore"
20167,"Noncore"
20169,"Micropolitan"
20171,"Noncore"
20173,"Medium metro"
20175,"Micropolitan"
20177,"Small metro"
20179,"Noncore"
20181,"Noncore"
20183,"Noncore"
20185,"Noncore"
20187,"Noncore"
20189,"Noncore"
20191,"Medium metro"
20193,"Noncore"
20195,"Noncore"
20197,"Small metro"
20199,"Noncore"
20201,"Noncore"
20203,"Noncore"
20205,"Noncore"
20207,"Noncore"
20209,"Large fringe metro"
21001,"Noncore"
21003,"Small metro"
21005,"Micropolitan"
21007,"Micropolitan"
21009,"Micropolitan"
21011,"Micropolitan"
21013,"Micropolitan"
21015,"Large fringe metro"
21017,"Medium metro"
21019,"Medium metro"
21021,"Micropolitan"
21025,"Noncore"
21027,"Noncore"
21029,"Large fringe metro"
21031,"Small metro"
21033,"Noncore"
21035,"Micropolitan"
21037,"Large fringe metro"
21039,"Noncore"
21041,"Noncore"
21043,"Noncore"
21045,"Noncore"
21047,"Medium metro"
21049,"Medium metro"
21051,"Noncore"
21053,"Noncore"
21055,"Noncore"
21057,"Noncore"
21059,"Small metro"
21061,"Small metro"
21065,"Noncore"
21067,"Medium metro"
21069,"Noncore"
21071,"Noncore"
21073,"Micropolitan"
21075,"Micropolitan"
21077,"Large fringe metro"
21079,"Noncore"
21081,"Large fringe metro"
21083,"Micropolitan"
21085,"Noncore"
21087,"Noncore"
21089,"Medium metro"
21091,"Small metro"
21093,"Small metro"
21095,"Noncore"
21097,"Noncore"
21099,"Noncore"
21101,"Medium metro"
21103,"Large fringe metro"
21105,"Noncore"
21107,"Micropolitan"
21109,"Noncore"
21111,"Large central metro"
21113,"Medium metro"
21115,"Noncore"
21117,"Large fringe metro"
21119,"Noncore"
21121,"Micropolitan"
21123,"Small metro"
21125,"Micropolitan"
21127,"Noncore"
21129,"Noncore"
21131,"Noncore"
21133,"Noncore"
21135,"Noncore"
21137,"Micropolitan"
21139,"Micropolitan"
21141,"Noncore"
21143,"Noncore"
21145,"Micropolitan"
21147,"Noncore"
21149,"Small metro"
21151,"Micropolitan"
21153,"Noncore"
21155,"Noncore"
21157,"Noncore"
21159,"Noncore"
21161,"Micropolitan"
21163,"Small metro"
21165,"Micropolitan"
21167,"Noncore"
21169,"Micropolitan"
21171,"Noncore"
21173,"Micropolitan"
21175,"Noncore"
21177,"Noncore"
21179,"Micropolitan"
21181,"Noncore"
21183,"Noncore"
21185,"Large fringe metro"
21187,"Noncore"
21189,"Noncore"
21191,"Large fringe metro"
21193,"Noncore"
21195,"Noncore"
21197,"Noncore"
21199,"Micropolitan"
21201,"Noncore"
21203,"Micropolitan"
21205,"Noncore"
21207,"Noncore"
21209,"Medium metro"
21211,"Large fringe metro"
21213,"Noncore"
21215,"Large fringe metro"
21217,"Micropolitan"
21219,"Noncore"
21221,"Medium metro"
21223,"Large fringe metro"
21225,"Noncore"
21227,"Small metro"
21229,"Noncore"
21231,"Noncore"
21233,"Noncore"
21235,"Micropolitan"
21237,"Noncore"
21239,"Medium metro"
22001,"Medium metro"
22003,"Noncore"
22005,"Medium metro"
22007,"Noncore"
22009,"Noncore"
22011,"Micropolitan"
22013,"Noncore"
22015,"Medium metro"
22017,"Medium metro"
22019,"Small metro"
22021,"Noncore"
22025,"Noncore"
22027,"Noncore"
22029,"Micropolitan"
22031,"Medium metro"
22033,"Medium metro"
22035,"Noncore"
22037,"Medium metro"
22039,"Noncore"
22041,"Noncore"
22043,"Small metro"
22045,"Medium metro"
22047,"Medium metro"
22049,"Noncore"
22051,"Large fringe metro"
22053,"Noncore"
22055,"Medium metro"
22057,"Small metro"
22059,"Noncore"
22061,"Micropolitan"
22063,"Medium metro"
22065,"Noncore"
22067,"Micropolitan"
22069,"Micropolitan"
22071,"Large central metro"
22073,"Small metro"
22075,"Large fringe metro"
22077,"Medium metro"
22079,"Small metro"
22081,"Noncore"
22083,"Noncore"
22085,"Noncore"
22087,"Large fringe metro"
22089,"Large fringe metro"
22091,"Medium metro"
22093,"Large fringe metro"
22095,"Large fringe metro"
22097,"Micropolitan"
22099,"Medium metro"
22101,"Micropolitan"
22103,"Large fringe metro"
22105,"Small metro"
22109,"Small metro"
22111,"Small metro"
22113,"Medium metro"
22115,"Micropolitan"
22117,"Micropolitan"
22119,"Medium metro"
22121,"Medium metro"
22123,"Noncore"
22125,"Medium metro"
22127,"Noncore"
25001,"Small metro"
25003,"Small metro"
25005,"Large fringe metro"
25007,"Micropolitan"
25009,"Large fringe metro"
25011,"Micropolitan"
25013,"Medium metro"
25015,"Medium metro"
25017,"Large fringe metro"
25019,"Noncore"
25021,"Large fringe metro"
25023,"Large fringe metro"
25025,"Large central metro"
25027,"Medium metro"
24001,"Small metro"
24003,"Large fringe metro"
24005,"Large fringe metro"
24009,"Large fringe metro"
24011,"Noncore"
24013,"Large fringe metro"
24015,"Large fringe metro"
24017,"Large fringe metro"
24019,"Micropolitan"
24021,"Large fringe metro"
24023,"Noncore"
24025,"Large fringe metro"
24027,"Large fringe metro"
24029,"Noncore"
24031,"Large fringe metro"
24033,"Large fringe metro"
24035,"Large fringe metro"
24037,"Small metro"
24039,"Medium metro"
24041,"Micropolitan"
24043,"Medium metro"
24045,"Medium metro"
24047,"Medium metro"
24510,"Large central metro"
23001,"Small metro"
23003,"Noncore"
23005,"Medium metro"
23007,"Noncore"
23009,"Noncore"
23011,"Micropolitan"
23013,"Noncore"
23017,"Noncore"
23019,"Small metro"
23021,"Noncore"
23023,"Medium metro"
23025,"Noncore"
23027,"Noncore"
23029,"Noncore"
23031,"Medium metro"
26001,"Noncore"
26003,"Noncore"
26005,"Micropolitan"
26007,"Micropolitan"
26009,"Noncore"
26011,"Noncore"
26013,"Noncore"
26015,"Large fringe metro"
26017,"Small metro"
26019,"Micropolitan"
26021,"Small metro"
26023,"Micropolitan"
26025,"Small metro"
26027,"Medium metro"
26029,"Noncore"
26031,"Noncore"
26033,"Micropolitan"
26035,"Noncore"
26037,"Medium metro"
26039,"Noncore"
26041,"Micropolitan"
26043,"Micropolitan"
26045,"Medium metro"
26047,"Noncore"
26049,"Medium metro"
26051,"Noncore"
26053,"Noncore"
26055,"Micropolitan"
26057,"Micropolitan"
26059,"Micropolitan"
26061,"Micropolitan"
26063,"Noncore"
26065,"Medium metro"
26067,"Micropolitan"
26069,"Noncore"
26071,"Noncore"
26073,"Micropolitan"
26075,"Small metro"
26077,"Medium metro"
26079,"Micropolitan"
26081,"Large central metro"
26085,"Noncore"
26087,"Large fringe metro"
26089,"Micropolitan"
26091,"Micropolitan"
26093,"Large fringe metro"
26095,"Noncore"
26097,"Noncore"
26099,"Large fringe metro"
26101,"Noncore"
26103,"Micropolitan"
26105,"Micropolitan"
26107,"Micropolitan"
26109,"Micropolitan"
26111,"Small metro"
26113,"Micropolitan"
26115,"Small metro"
26117,"Large fringe metro"
26119,"Noncore"
26121,"Small metro"
26123,"Noncore"
26125,"Large fringe metro"
26127,"Noncore"
26129,"Noncore"
26131,"Noncore"
26133,"Noncore"
26135,"Noncore"
26137,"Noncore"
26139,"Large fringe metro"
26141,"Noncore"
26143,"Noncore"
26145,"Small metro"
26147,"Large fringe metro"
26149,"Micropolitan"
26151,"Noncore"
26153,"Noncore"
26155,"Micropolitan"
26157,"Noncore"
26159,"Medium metro"
26161,"Medium metro"
26163,"Large central metro"
26165,"Micropolitan"
27001,"Noncore"
27003,"Large fringe metro"
27005,"Noncore"
27007,"Micropolitan"
27009,"Small metro"
27011,"Noncore"
27013,"Small metro"
27015,"Micropolitan"
27017,"Medium metro"
27019,"Large fringe metro"
27021,"Micropolitan"
27023,"Noncore"
27025,"Large fringe metro"
27027,"Small metro"
27029,"Noncore"
27033,"Noncore"
27035,"Micropolitan"
27037,"Large fringe metro"
27039,"Small metro"
27041,"Micropolitan"
27043,"Noncore"
27045,"Small metro"
27047,"Micropolitan"
27049,"Micropolitan"
27051,"Noncore"
27053,"Large central metro"
27055,"Small metro"
27057,"Noncore"
27059,"Large fringe metro"
27061,"Noncore"
27063,"Noncore"
27065,"Noncore"
27067,"Micropolitan"
27069,"Noncore"
27071,"Noncore"
27073,"Noncore"
27075,"Noncore"
27079,"Large fringe metro"
27081,"Noncore"
27083,"Micropolitan"
27085,"Micropolitan"
27087,"Noncore"
27089,"Noncore"
27091,"Noncore"
27093,"Noncore"
27095,"Large fringe metro"
27097,"Noncore"
27099,"Micropolitan"
27101,"Noncore"
27103,"Small metro"
27105,"Micropolitan"
27107,"Noncore"
27109,"Small metro"
27111,"Micropolitan"
27113,"Noncore"
27115,"Noncore"
27117,"Noncore"
27119,"Small metro"
27121,"Noncore"
27123,"Large central metro"
27125,"Noncore"
27127,"Noncore"
27129,"Noncore"
27131,"Micropolitan"
27133,"Noncore"
27135,"Noncore"
27137,"Medium metro"
27139,"Large fringe metro"
27141,"Large fringe metro"
27143,"Large fringe metro"
27145,"Small metro"
27147,"Micropolitan"
27149,"Noncore"
27151,"Noncore"
27153,"Noncore"
27157,"Small metro"
27159,"Noncore"
27161,"Noncore"
27163,"Large fringe metro"
27165,"Noncore"
27167,"Micropolitan"
27169,"Micropolitan"
27171,"Large fringe metro"
27173,"Noncore"
29001,"Micropolitan"
29003,"Small metro"
29005,"Noncore"
29007,"Micropolitan"
29009,"Noncore"
29011,"Noncore"
29013,"Large fringe metro"
29015,"Noncore"
29017,"Small metro"
29019,"Small metro"
29021,"Small metro"
29023,"Micropolitan"
29025,"Large fringe metro"
29027,"Small metro"
29029,"Noncore"
29031,"Small metro"
29033,"Noncore"
29035,"Noncore"
29037,"Large fringe metro"
29039,"Noncore"
29041,"Noncore"
29043,"Medium metro"
29045,"Micropolitan"
29047,"Large fringe metro"
29049,"Large fringe metro"
29051,"Small metro"
29053,"Noncore"
29055,"Noncore"
29057,"Noncore"
29059,"Medium metro"
29061,"Noncore"
29063,"Small metro"
29065,"Noncore"
29067,"Noncore"
29069,"Micropolitan"
29071,"Large fringe metro"
29073,"Noncore"
29075,"Noncore"
29077,"Medium metro"
29079,"Noncore"
29081,"Noncore"
29083,"Noncore"
29085,"Noncore"
29087,"Noncore"
29089,"Noncore"
29091,"Micropolitan"
29093,"Noncore"
29095,"Large central metro"
29097,"Small metro"
29099,"Large fringe metro"
29101,"Micropolitan"
29105,"Micropolitan"
29107,"Large fringe metro"
29109,"Noncore"
29111,"Micropolitan"
29113,"Large fringe metro"
29115,"Noncore"
29117,"Noncore"
29119,"Medium metro"
29121,"Noncore"
29123,"Noncore"
29125,"Noncore"
29127,"Micropolitan"
29129,"Noncore"
29131,"Noncore"
29133,"Noncore"
29135,"Small metro"
29137,"Noncore"
29139,"Noncore"
29141,"Noncore"
29143,"Noncore"
29145,"Small metro"
29147,"Micropolitan"
29151,"Small metro"
29153,"Noncore"
29155,"Noncore"
29157,"Noncore"
29159,"Micropolitan"
29161,"Micropolitan"
29163,"Noncore"
29165,"Large fringe metro"
29167,"Medium metro"
29169,"Micropolitan"
29171,"Noncore"
29173,"Micropolitan"
29175,"Micropolitan"
29177,"Large fringe metro"
29181,"Noncore"
29183,"Large fringe metro"
29185,"Noncore"
29186,"Noncore"
29187,"Micropolitan"
29189,"Large fringe metro"
29195,"Micropolitan"
29197,"Micropolitan"
29199,"Noncore"
29201,"Micropolitan"
29203,"Noncore"
29205,"Noncore"
29207,"Noncore"
29209,"Micropolitan"
29211,"Noncore"
29213,"Micropolitan"
29215,"Noncore"
29217,"Noncore"
29219,"Large fringe metro"
29221,"Noncore"
29223,"Noncore"
29225,"Medium metro"
29229,"Noncore"
29510,"Large central metro"
28001,"Micropolitan"
28003,"Micropolitan"
28005,"Micropolitan"
28007,"Noncore"
28009,"Large fringe metro"
28011,"Micropolitan"
28013,"Noncore"
28015,"Micropolitan"
28017,"Noncore"
28019,"Noncore"
28021,"Micropolitan"
28023,"Micropolitan"
28025,"Noncore"
28027,"Micropolitan"
28029,"Medium metro"
28031,"Noncore"
28033,"Large fringe metro"
28035,"Small metro"
28037,"Noncore"
28039,"Noncore"
28041,"Noncore"
28043,"Micropolitan"
28045,"Medium metro"
28047,"Medium metro"
28049,"Medium metro"
28051,"Noncore"
28053,"Noncore"
28057,"Micropolitan"
28059,"Medium metro"
28061,"Micropolitan"
28063,"Noncore"
28065,"Noncore"
28067,"Micropolitan"
28069,"Micropolitan"
28071,"Micropolitan"
28073,"Small metro"
28075,"Micropolitan"
28077,"Noncore"
28079,"Noncore"
28081,"Micropolitan"
28083,"Micropolitan"
28085,"Micropolitan"
28087,"Micropolitan"
28089,"Medium metro"
28091,"Noncore"
28093,"Large fringe metro"
28095,"Noncore"
28097,"Noncore"
28099,"Noncore"
28101,"Noncore"
28103,"Noncore"
28105,"Micropolitan"
28107,"Noncore"
28109,"Micropolitan"
28111,"Small metro"
28113,"Micropolitan"
28115,"Micropolitan"
28117,"Noncore"
28119,"Noncore"
28121,"Medium metro"
28123,"Noncore"
28125,"Noncore"
28127,"Medium metro"
28129,"Noncore"
28131,"Noncore"
28133,"Micropolitan"
28135,"Noncore"
28137,"Large fringe metro"
28139,"Noncore"
28141,"Noncore"
28143,"Large fringe metro"
28145,"Noncore"
28147,"Noncore"
28149,"Micropolitan"
28151,"Micropolitan"
28153,"Noncore"
28155,"Noncore"
28157,"Noncore"
28159,"Noncore"
28161,"Noncore"
28163,"Medium metro"
30001,"Noncore"
30003,"Noncore"
30005,"Noncore"
30007,"Noncore"
30009,"Small metro"
30011,"Noncore"
30013,"Small metro"
30015,"Noncore"
30017,"Noncore"
30019,"Noncore"
30021,"Noncore"
30023,"Noncore"
30025,"Noncore"
30027,"Noncore"
30029,"Micropolitan"
30031,"Micropolitan"
30035,"Noncore"
30037,"Small metro"
30041,"Noncore"
30043,"Micropolitan"
30047,"Noncore"
30049,"Micropolitan"
30053,"Noncore"
30055,"Noncore"
30057,"Noncore"
30059,"Noncore"
30061,"Noncore"
30063,"Small metro"
30065,"Noncore"
30067,"Noncore"
30071,"Noncore"
30073,"Noncore"
30075,"Noncore"
30077,"Noncore"
30079,"Noncore"
30081,"Noncore"
30083,"Noncore"
30085,"Noncore"
30087,"Noncore"
30089,"Noncore"
30091,"Noncore"
30093,"Micropolitan"
30095,"Noncore"
30097,"Noncore"
30099,"Noncore"
30101,"Noncore"
30105,"Noncore"
30107,"Noncore"
30109,"Noncore"
30111,"Small metro"
37001,"Small metro"
37003,"Medium metro"
37005,"Noncore"
37007,"Noncore"
37009,"Noncore"
37011,"Noncore"
37013,"Micropolitan"
37015,"Noncore"
37017,"Noncore"
37019,"Medium metro"
37021,"Medium metro"
37023,"Medium metro"
37025,"Large fringe metro"
37027,"Medium metro"
37029,"Micropolitan"
37031,"Micropolitan"
37033,"Noncore"
37035,"Medium metro"
37037,"Medium metro"
37039,"Noncore"
37041,"Noncore"
37043,"Noncore"
37045,"Micropolitan"
37047,"Noncore"
37049,"Small metro"
37051,"Medium metro"
37053,"Large fringe metro"
37055,"Micropolitan"
37057,"Medium metro"
37059,"Medium metro"
37061,"Noncore"
37063,"Medium metro"
37065,"Small metro"
37067,"Medium metro"
37069,"Large fringe metro"
37071,"Large fringe metro"
37073,"Large fringe metro"
37075,"Noncore"
37077,"Micropolitan"
37079,"Noncore"
37081,"Medium metro"
37083,"Micropolitan"
37085,"Micropolitan"
37087,"Medium metro"
37089,"Medium metro"
37091,"Noncore"
37093,"Medium metro"
37095,"Noncore"
37097,"Large fringe metro"
37099,"Micropolitan"
37101,"Large fringe metro"
37103,"Small metro"
37105,"Micropolitan"
37107,"Micropolitan"
37109,"Large fringe metro"
37111,"Micropolitan"
37113,"Noncore"
37115,"Medium metro"
37117,"Noncore"
37119,"Large central metro"
37121,"Noncore"
37123,"Noncore"
37125,"Micropolitan"
37127,"Small metro"
37129,"Medium metro"
37131,"Micropolitan"
37133,"Small metro"
37135,"Medium metro"
37137,"Small metro"
37139,"Micropolitan"
37141,"Medium metro"
37143,"Micropolitan"
37145,"Medium metro"
37147,"Small metro"
37149,"Noncore"
37151,"Medium metro"
37153,"Micropolitan"
37155,"Micropolitan"
37157,"Medium metro"
37159,"Large fringe metro"
37161,"Micropolitan"
37163,"Noncore"
37165,"Micropolitan"
37167,"Micropolitan"
37169,"Medium metro"
37171,"Micropolitan"
37175,"Micropolitan"
37179,"Large fringe metro"
37181,"Micropolitan"
37183,"Large central metro"
37185,"Noncore"
37187,"Noncore"
37189,"Micropolitan"
37191,"Small metro"
37193,"Micropolitan"
37195,"Micropolitan"
37197,"Medium metro"
37199,"Noncore"
38001,"Noncore"
38003,"Noncore"
38005,"Noncore"
38009,"Noncore"
38011,"Noncore"
38015,"Small metro"
38017,"Small metro"
38019,"Noncore"
38021,"Noncore"
38025,"Noncore"
38027,"Noncore"
38029,"Noncore"
38031,"Noncore"
38035,"Small metro"
38037,"Noncore"
38039,"Noncore"
38041,"Noncore"
38043,"Noncore"
38045,"Noncore"
38047,"Noncore"
38049,"Micropolitan"
38051,"Noncore"
38053,"Noncore"
38055,"Noncore"
38057,"Noncore"
38059,"Small metro"
38061,"Noncore"
38063,"Noncore"
38067,"Noncore"
38069,"Noncore"
38071,"Noncore"
38073,"Noncore"
38075,"Micropolitan"
38077,"Micropolitan"
38079,"Noncore"
38089,"Micropolitan"
38093,"Micropolitan"
38095,"Noncore"
38097,"Noncore"
38099,"Noncore"
38101,"Micropolitan"
38103,"Noncore"
38105,"Micropolitan"
31001,"Micropolitan"
31003,"Noncore"
31011,"Noncore"
31013,"Noncore"
31015,"Noncore"
31017,"Noncore"
31019,"Micropolitan"
31021,"Noncore"
31023,"Noncore"
31025,"Medium metro"
31027,"Noncore"
31029,"Noncore"
31031,"Noncore"
31033,"Noncore"
31035,"Noncore"
31037,"Noncore"
31039,"Noncore"
31041,"Noncore"
31043,"Small metro"
31045,"Noncore"
31047,"Micropolitan"
31049,"Noncore"
31051,"Small metro"
31053,"Micropolitan"
31055,"Medium metro"
31057,"Noncore"
31059,"Noncore"
31063,"Noncore"
31065,"Noncore"
31067,"Micropolitan"
31069,"Noncore"
31071,"Noncore"
31073,"Micropolitan"
31077,"Noncore"
31079,"Small metro"
31081,"Small metro"
31083,"Noncore"
31089,"Noncore"
31093,"Small metro"
31095,"Noncore"
31097,"Noncore"
31099,"Micropolitan"
31101,"Noncore"
31103,"Noncore"
31105,"Noncore"
31107,"Noncore"
31109,"Medium metro"
31111,"Micropolitan"
31119,"Micropolitan"
31121,"Small metro"
31123,"Noncore"
31125,"Noncore"
31127,"Noncore"
31129,"Noncore"
31131,"Noncore"
31133,"Noncore"
31135,"Noncore"
31137,"Noncore"
31139,"Micropolitan"
31141,"Micropolitan"
31143,"Noncore"
31145,"Noncore"
31147,"Noncore"
31149,"Noncore"
31151,"Noncore"
31153,"Medium metro"
31155,"Medium metro"
31157,"Micropolitan"
31159,"Medium metro"
31161,"Noncore"
31163,"Noncore"
31167,"Micropolitan"
31169,"Noncore"
31173,"Noncore"
31175,"Noncore"
31177,"Medium metro"
31179,"Noncore"
31181,"Noncore"
31185,"Noncore"
33001,"Micropolitan"
33003,"Noncore"
33005,"Micropolitan"
33007,"Micropolitan"
33009,"Micropolitan"
33011,"Medium metro"
33013,"Micropolitan"
33015,"Large fringe metro"
33017,"Large fringe metro"
33019,"Micropolitan"
34001,"Medium metro"
34003,"Large fringe metro"
34005,"Large fringe metro"
34007,"Large fringe metro"
34009,"Small metro"
34011,"Small metro"
34013,"Large central metro"
34015,"Large fringe metro"
34017,"Large central metro"
34019,"Large fringe metro"
34021,"Medium metro"
34023,"Large fringe metro"
34025,"Large fringe metro"
34027,"Large fringe metro"
34029,"Large fringe metro"
34031,"Large fringe metro"
34033,"Large fringe metro"
34035,"Large fringe metro"
34037,"Large fringe metro"
34039,"Large central metro"
34041,"Medium metro"
35001,"Medium metro"
35005,"Micropolitan"
35006,"Micropolitan"
35007,"Noncore"
35009,"Micropolitan"
35013,"Small metro"
35015,"Micropolitan"
35017,"Micropolitan"
35019,"Noncore"
35025,"Micropolitan"
35027,"Noncore"
35028,"Micropolitan"
35029,"Micropolitan"
35031,"Micropolitan"
35033,"Noncore"
35035,"Micropolitan"
35037,"Noncore"
35039,"Micropolitan"
35041,"Micropolitan"
35043,"Medium metro"
35045,"Small metro"
35047,"Micropolitan"
35049,"Small metro"
35051,"Noncore"
35053,"Noncore"
35055,"Micropolitan"
35057,"Medium metro"
35059,"Noncore"
35061,"Medium metro"
32001,"Micropolitan"
32003,"Large central metro"
32005,"Micropolitan"
32007,"Micropolitan"
32013,"Micropolitan"
32015,"Noncore"
32017,"Noncore"
32019,"Micropolitan"
32021,"Noncore"
32023,"Micropolitan"
32027,"Noncore"
32029,"Medium metro"
32031,"Medium metro"
32033,"Noncore"
32510,"Small metro"
36001,"Medium metro"
36003,"Noncore"
36005,"Large central metro"
36007,"Small metro"
36009,"Micropolitan"
36011,"Micropolitan"
36013,"Micropolitan"
36015,"Small metro"
36017,"Noncore"
36019,"Micropolitan"
36021,"Micropolitan"
36023,"Micropolitan"
36025,"Noncore"
36027,"Large fringe metro"
36029,"Large central metro"
36031,"Noncore"
36033,"Micropolitan"
36035,"Micropolitan"
36037,"Micropolitan"
36039,"Noncore"
36043,"Medium metro"
36045,"Small metro"
36047,"Large central metro"
36049,"Noncore"
36051,"Large fringe metro"
36053,"Medium metro"
36055,"Large central metro"
36057,"Micropolitan"
36059,"Large fringe metro"
36061,"Large central metro"
36063,"Large fringe metro"
36065,"Medium metro"
36067,"Medium metro"
36069,"Large fringe metro"
36071,"Large fringe metro"
36073,"Large fringe metro"
36075,"Medium metro"
36077,"Micropolitan"
36079,"Large fringe metro"
36081,"Large central metro"
36083,"Medium metro"
36085,"Large central metro"
36087,"Large fringe metro"
36089,"Micropolitan"
36091,"Medium metro"
36093,"Medium metro"
36095,"Medium metro"
36097,"Noncore"
36099,"Micropolitan"
36101,"Micropolitan"
36103,"Large fringe metro"
36105,"Noncore"
36107,"Small metro"
36109,"Small metro"
36111,"Small metro"
36113,"Small metro"
36115,"Small metro"
36117,"Large fringe metro"
36119,"Large fringe metro"
36121,"Noncore"
36123,"Large fringe metro"
39001,"Noncore"
39003,"Small metro"
39005,"Micropolitan"
39007,"Micropolitan"
39009,"Micropolitan"
39011,"Micropolitan"
39013,"Small metro"
39015,"Large fringe metro"
39017,"Large fringe metro"
39019,"Medium metro"
39021,"Micropolitan"
39023,"Small metro"
39025,"Large fringe metro"
39027,"Micropolitan"
39029,"Micropolitan"
39031,"Micropolitan"
39033,"Micropolitan"
39035,"Large central metro"
39037,"Micropolitan"
39039,"Micropolitan"
39041,"Large fringe metro"
39043,"Micropolitan"
39045,"Large fringe metro"
39047,"Micropolitan"
39049,"Large central metro"
39051,"Medium metro"
39053,"Micropolitan"
39055,"Large fringe metro"
39057,"Medium metro"
39059,"Micropolitan"
39061,"Large central metro"
39063,"Micropolitan"
39065,"Noncore"
39067,"Noncore"
39069,"Noncore"
39071,"Noncore"
39073,"Large fringe metro"
39075,"Noncore"
39077,"Micropolitan"
39079,"Micropolitan"
39081,"Small metro"
39083,"Micropolitan"
39085,"Large fringe metro"
39087,"Medium metro"
39089,"Large fringe metro"
39091,"Micropolitan"
39093,"Large fringe metro"
39095,"Medium metro"
39097,"Large fringe metro"
39099,"Medium metro"
39101,"Micropolitan"
39103,"Large fringe metro"
39105,"Noncore"
39107,"Micropolitan"
39109,"Medium metro"
39111,"Noncore"
39113,"Medium metro"
39115,"Noncore"
39117,"Large fringe metro"
39119,"Micropolitan"
39121,"Noncore"
39123,"Micropolitan"
39125,"Noncore"
39127,"Large fringe metro"
39129,"Large fringe metro"
39131,"Noncore"
39133,"Medium metro"
39135,"Noncore"
39137,"Noncore"
39139,"Small metro"
39141,"Micropolitan"
39143,"Micropolitan"
39145,"Micropolitan"
39147,"Micropolitan"
39149,"Micropolitan"
39151,"Medium metro"
39153,"Medium metro"
39155,"Medium metro"
39157,"Micropolitan"
39159,"Large fringe metro"
39161,"Micropolitan"
39163,"Noncore"
39165,"Large fringe metro"
39167,"Micropolitan"
39169,"Micropolitan"
39171,"Noncore"
39173,"Medium metro"
39175,"Noncore"
40001,"Noncore"
40005,"Noncore"
40007,"Noncore"
40009,"Micropolitan"
40011,"Noncore"
40013,"Micropolitan"
40015,"Noncore"
40017,"Large fringe metro"
40019,"Micropolitan"
40021,"Micropolitan"
40023,"Noncore"
40027,"Large fringe metro"
40029,"Noncore"
40031,"Small metro"
40033,"Small metro"
40035,"Noncore"
40037,"Medium metro"
40039,"Micropolitan"
40041,"Noncore"
40043,"Noncore"
40045,"Noncore"
40047,"Micropolitan"
40049,"Noncore"
40051,"Large fringe metro"
40053,"Noncore"
40055,"Noncore"
40057,"Noncore"
40059,"Noncore"
40061,"Noncore"
40063,"Noncore"
40065,"Micropolitan"
40067,"Noncore"
40069,"Noncore"
40071,"Micropolitan"
40073,"Noncore"
40075,"Noncore"
40077,"Noncore"
40079,"Medium metro"
40081,"Large fringe metro"
40083,"Large fringe metro"
40085,"Noncore"
40087,"Large fringe metro"
40089,"Noncore"
40091,"Noncore"
40093,"Noncore"
40095,"Noncore"
40097,"Noncore"
40099,"Noncore"
40101,"Micropolitan"
40103,"Noncore"
40105,"Noncore"
40107,"Noncore"
40109,"Large central metro"
40111,"Medium metro"
40113,"Medium metro"
40115,"Micropolitan"
40117,"Medium metro"
40119,"Micropolitan"
40121,"Micropolitan"
40123,"Micropolitan"
40125,"Micropolitan"
40127,"Noncore"
40129,"Noncore"
40131,"Medium metro"
40133,"Noncore"
40135,"Medium metro"
40137,"Micropolitan"
40139,"Micropolitan"
40143,"Medium metro"
40145,"Medium metro"
40147,"Micropolitan"
40149,"Noncore"
40151,"Noncore"
40153,"Micropolitan"
41001,"Noncore"
41003,"Small metro"
41005,"Large fringe metro"
41007,"Micropolitan"
41009,"Large fringe metro"
41011,"Micropolitan"
41013,"Micropolitan"
41015,"Micropolitan"
41017,"Small metro"
41019,"Micropolitan"
41023,"Noncore"
41025,"Noncore"
41027,"Micropolitan"
41029,"Small metro"
41031,"Noncore"
41033,"Small metro"
41035,"Micropolitan"
41037,"Noncore"
41039,"Medium metro"
41041,"Micropolitan"
41043,"Small metro"
41045,"Micropolitan"
41047,"Medium metro"
41049,"Micropolitan"
41051,"Large central metro"
41053,"Medium metro"
41057,"Noncore"
41059,"Micropolitan"
41061,"Micropolitan"
41063,"Noncore"
41065,"Micropolitan"
41067,"Large fringe metro"
41071,"Large fringe metro"
42001,"Small metro"
42003,"Large central metro"
42005,"Large fringe metro"
42007,"Large fringe metro"
42009,"Noncore"
42011,"Medium metro"
42013,"Small metro"
42015,"Micropolitan"
42017,"Large fringe metro"
42019,"Large fringe metro"
42021,"Small metro"
42023,"Noncore"
42025,"Medium metro"
42027,"Small metro"
42029,"Large fringe metro"
42031,"Noncore"
42033,"Micropolitan"
42035,"Micropolitan"
42037,"Small metro"
42039,"Micropolitan"
42041,"Medium metro"
42043,"Medium metro"
42045,"Large fringe metro"
42047,"Noncore"
42049,"Medium metro"
42051,"Large fringe metro"
42053,"Noncore"
42055,"Small metro"
42057,"Noncore"
42059,"Noncore"
42061,"Micropolitan"
42063,"Micropolitan"
42065,"Noncore"
42067,"Noncore"
42069,"Medium metro"
42071,"Medium metro"
42073,"Micropolitan"
42075,"Small metro"
42077,"Medium metro"
42079,"Medium metro"
42081,"Small metro"
42083,"Micropolitan"
42085,"Medium metro"
42087,"Micropolitan"
42089,"Small metro"
42091,"Large fringe metro"
42093,"Small metro"
42095,"Medium metro"
42097,"Micropolitan"
42099,"Medium metro"
42101,"Large central metro"
42103,"Large fringe metro"
42105,"Noncore"
42107,"Micropolitan"
42109,"Micropolitan"
42111,"Micropolitan"
42113,"Noncore"
42115,"Noncore"
42117,"Noncore"
42119,"Micropolitan"
42121,"Micropolitan"
42123,"Micropolitan"
42125,"Large fringe metro"
42127,"Noncore"
42129,"Large fringe metro"
42131,"Medium metro"
42133,"Medium metro"
44001,"Large fringe metro"
44003,"Large fringe metro"
44005,"Large fringe metro"
44007,"Large central metro"
44009,"Large fringe metro"
45001,"Micropolitan"
45003,"Medium metro"
45005,"Noncore"
45007,"Medium metro"
45009,"Noncore"
45011,"Noncore"
45013,"Small metro"
45015,"Medium metro"
45017,"Medium metro"
45019,"Medium metro"
45021,"Micropolitan"
45023,"Large fringe metro"
45025,"Noncore"
45027,"Noncore"
45029,"Noncore"
45031,"Small metro"
45033,"Noncore"
45035,"Medium metro"
45037,"Medium metro"
45039,"Medium metro"
45041,"Small metro"
45043,"Micropolitan"
45045,"Medium metro"
45047,"Micropolitan"
45049,"Noncore"
45051,"Medium metro"
45053,"Small metro"
45055,"Medium metro"
45057,"Large fringe metro"
45059,"Medium metro"
45061,"Noncore"
45063,"Medium metro"
45065,"Noncore"
45067,"Noncore"
45069,"Micropolitan"
45071,"Micropolitan"
45073,"Micropolitan"
45075,"Micropolitan"
45077,"Medium metro"
45079,"Medium metro"
45081,"Medium metro"
45083,"Medium metro"
45085,"Small metro"
45087,"Medium metro"
45089,"Noncore"
45091,"Large fringe metro"
46003,"Noncore"
46005,"Micropolitan"
46007,"Noncore"
46009,"Noncore"
46011,"Micropolitan"
46013,"Micropolitan"
46015,"Noncore"
46017,"Noncore"
46019,"Noncore"
46023,"Noncore"
46025,"Noncore"
46027,"Micropolitan"
46029,"Micropolitan"
46033,"Small metro"
46035,"Micropolitan"
46037,"Noncore"
46039,"Noncore"
46043,"Noncore"
46045,"Micropolitan"
46047,"Noncore"
46049,"Noncore"
46051,"Noncore"
46053,"Noncore"
46055,"Noncore"
46057,"Noncore"
46059,"Noncore"
46065,"Micropolitan"
46067,"Noncore"
46071,"Noncore"
46073,"Noncore"
46077,"Noncore"
46079,"Noncore"
46081,"Micropolitan"
46083,"Small metro"
46085,"Noncore"
46087,"Small metro"
46089,"Noncore"
46091,"Noncore"
46093,"Small metro"
46095,"Noncore"
46097,"Noncore"
46099,"Small metro"
46101,"Noncore"
46103,"Small metro"
46105,"Noncore"
46107,"Noncore"
46109,"Noncore"
46113,"Noncore"
46115,"Noncore"
46117,"Micropolitan"
46121,"Noncore"
46123,"Noncore"
46125,"Small metro"
46127,"Small metro"
46129,"Noncore"
46135,"Micropolitan"
46137,"Noncore"
47001,"Medium metro"
47003,"Micropolitan"
47005,"Noncore"
47007,"Noncore"
47009,"Medium metro"
47011,"Small metro"
47013,"Medium metro"
47015,"Large fringe metro"
47017,"Noncore"
47019,"Small metro"
47021,"Large fringe metro"
47023,"Small metro"
47025,"Noncore"
47027,"Noncore"
47029,"Micropolitan"
47031,"Micropolitan"
47033,"Small metro"
47035,"Micropolitan"
47037,"Large central metro"
47039,"Noncore"
47041,"Noncore"
47043,"Large fringe metro"
47045,"Micropolitan"
47047,"Large fringe metro"
47049,"Noncore"
47051,"Micropolitan"
47053,"Noncore"
47055,"Noncore"
47057,"Medium metro"
47059,"Micropolitan"
47061,"Noncore"
47063,"Small metro"
47065,"Medium metro"
47067,"Noncore"
47069,"Noncore"
47071,"Noncore"
47073,"Medium metro"
47075,"Noncore"
47077,"Noncore"
47079,"Micropolitan"
47081,"Large fringe metro"
47083,"Noncore"
47085,"Noncore"
47087,"Micropolitan"
47089,"Small metro"
47091,"Noncore"
47093,"Medium metro"
47095,"Noncore"
47097,"Noncore"
47099,"Micropolitan"
47101,"Noncore"
47103,"Noncore"
47105,"Medium metro"
47107,"Micropolitan"
47109,"Noncore"
47111,"Large fringe metro"
47113,"Small metro"
47115,"Medium metro"
47117,"Micropolitan"
47119,"Large fringe metro"
47121,"Noncore"
47123,"Noncore"
47125,"Medium metro"
47127,"Micropolitan"
47129,"Medium metro"
47131,"Micropolitan"
47133,"Micropolitan"
47135,"Noncore"
47137,"Noncore"
47139,"Small metro"
47141,"Micropolitan"
47143,"Micropolitan"
47145,"Medium metro"
47147,"Large fringe metro"
47149,"Large fringe metro"
47151,"Noncore"
47153,"Medium metro"
47155,"Micropolitan"
47157,"Large central metro"
47159,"Large fringe metro"
47161,"Noncore"
47163,"Medium metro"
47165,"Large fringe metro"
47167,"Large fringe metro"
47169,"Large fringe metro"
47171,"Small metro"
47173,"Medium metro"
47175,"Noncore"
47177,"Micropolitan"
47179,"Small metro"
47181,"Noncore"
47183,"Micropolitan"
47185,"Noncore"
47187,"Large fringe metro"
47189,"Large fringe metro"
48001,"Micropolitan"
48003,"Micropolitan"
48005,"Micropolitan"
48007,"Medium metro"
48009,"Small metro"
48011,"Medium metro"
48013,"Large fringe metro"
48015,"Large fringe metro"
48017,"Noncore"
48019,"Large fringe metro"
48021,"Large fringe metro"
48023,"Noncore"
48025,"Micropolitan"
48027,"Medium metro"
48029,"Large central metro"
48031,"Noncore"
48035,"Noncore"
48037,"Small metro"
48039,"Large fringe metro"
48041,"Small metro"
48043,"Noncore"
48045,"Noncore"
48047,"Noncore"
48049,"Micropolitan"
48051,"Small metro"
48053,"Noncore"
48055,"Large fringe metro"
48057,"Micropolitan"
48059,"Small metro"
48061,"Medium metro"
48063,"Noncore"
48065,"Medium metro"
48067,"Noncore"
48069,"Noncore"
48071,"Large fringe metro"
48073,"Micropolitan"
48075,"Noncore"
48077,"Small metro"
48079,"Noncore"
48081,"Noncore"
48083,"Noncore"
48085,"Large central metro"
48087,"Noncore"
48089,"Noncore"
48091,"Large fringe metro"
48093,"Noncore"
48095,"Noncore"
48097,"Micropolitan"
48099,"Medium metro"
48101,"Noncore"
48103,"Noncore"
48105,"Noncore"
48107,"Medium metro"
48109,"Noncore"
48111,"Noncore"
48113,"Large central metro"
48115,"Micropolitan"
48117,"Micropolitan"
48119,"Noncore"
48121,"Large fringe metro"
48123,"Noncore"
48127,"Noncore"
48129,"Noncore"
48131,"Noncore"
48133,"Noncore"
48135,"Small metro"
48137,"Noncore"
48139,"Large fringe metro"
48141,"Medium metro"
48143,"Micropolitan"
48145,"Medium metro"
48147,"Noncore"
48149,"Noncore"
48151,"Noncore"
48153,"Noncore"
48155,"Noncore"
48157,"Large fringe metro"
48159,"Noncore"
48161,"Noncore"
48163,"Noncore"
48165,"Noncore"
48167,"Large fringe metro"
48169,"Noncore"
48171,"Micropolitan"
48175,"Small metro"
48177,"Noncore"
48179,"Micropolitan"
48181,"Small metro"
48183,"Small metro"
48185,"Noncore"
48187,"Large fringe metro"
48189,"Micropolitan"
48191,"Noncore"
48193,"Noncore"
48195,"Noncore"
48197,"Noncore"
48199,"Medium metro"
48201,"Large central metro"
48203,"Micropolitan"
48205,"Noncore"
48207,"Noncore"
48209,"Large fringe metro"
48211,"Noncore"
48213,"Micropolitan"
48215,"Medium metro"
48217,"Noncore"
48219,"Micropolitan"
48221,"Large fringe metro"
48223,"Micropolitan"
48225,"Noncore"
48227,"Micropolitan"
48229,"Medium metro"
48231,"Large fringe metro"
48233,"Micropolitan"
48237,"Noncore"
48239,"Noncore"
48241,"Noncore"
48243,"Noncore"
48245,"Medium metro"
48247,"Noncore"
48249,"Micropolitan"
48251,"Large fringe metro"
48253,"Small metro"
48255,"Noncore"
48257,"Large fringe metro"
48259,"Large fringe metro"
48265,"Micropolitan"
48267,"Noncore"
48271,"Noncore"
48273,"Micropolitan"
48275,"Noncore"
48277,"Micropolitan"
48279,"Noncore"
48281,"Medium metro"
48283,"Noncore"
48285,"Noncore"
48287,"Noncore"
48289,"Noncore"
48291,"Large fringe metro"
48293,"Noncore"
48295,"Noncore"
48297,"Noncore"
48299,"Noncore"
48303,"Medium metro"
48305,"Medium metro"
48307,"Noncore"
48309,"Medium metro"
48311,"Noncore"
48313,"Noncore"
48315,"Noncore"
48317,"Small metro"
48321,"Micropolitan"
48323,"Micropolitan"
48325,"Large fringe metro"
48327,"Noncore"
48329,"Small metro"
48331,"Noncore"
48333,"Noncore"
48335,"Noncore"
48337,"Noncore"
48339,"Large fringe metro"
48341,"Micropolitan"
48343,"Noncore"
48345,"Noncore"
48347,"Micropolitan"
48349,"Micropolitan"
48351,"Medium metro"
48353,"Micropolitan"
48355,"Medium metro"
48357,"Noncore"
48361,"Medium metro"
48363,"Micropolitan"
48365,"Noncore"
48367,"Large fringe metro"
48369,"Noncore"
48371,"Noncore"
48373,"Noncore"
48375,"Medium metro"
48377,"Noncore"
48379,"Noncore"
48381,"Medium metro"
48383,"Noncore"
48385,"Noncore"
48387,"Noncore"
48389,"Micropolitan"
48391,"Noncore"
48395,"Small metro"
48397,"Large fringe metro"
48399,"Noncore"
48401,"Small metro"
48403,"Noncore"
48405,"Noncore"
48407,"Noncore"
48409,"Medium metro"
48411,"Noncore"
48413,"Noncore"
48415,"Micropolitan"
48417,"Noncore"
48419,"Noncore"
48421,"Noncore"
48423,"Small metro"
48425,"Large fringe metro"
48427,"Micropolitan"
48429,"Noncore"
48431,"Noncore"
48433,"Noncore"
48435,"Noncore"
48437,"Noncore"
48439,"Large central metro"
48441,"Small metro"
48445,"Noncore"
48447,"Noncore"
48449,"Micropolitan"
48451,"Small metro"
48453,"Large central metro"
48455,"Micropolitan"
48457,"Noncore"
48459,"Small metro"
48461,"Noncore"
48463,"Micropolitan"
48465,"Micropolitan"
48467,"Noncore"
48469,"Small metro"
48471,"Micropolitan"
48473,"Large fringe metro"
48475,"Noncore"
48477,"Micropolitan"
48479,"Medium metro"
48481,"Micropolitan"
48483,"Noncore"
48485,"Small metro"
48487,"Micropolitan"
48489,"Micropolitan"
48491,"Large fringe metro"
48493,"Large fringe metro"
48495,"Noncore"
48497,"Large fringe metro"
48499,"Noncore"
48501,"Noncore"
48503,"Noncore"
48505,"Micropolitan"
48507,"Noncore"
49001,"Noncore"
49003,"Medium metro"
49005,"Small metro"
49007,"Micropolitan"
49011,"Medium metro"
49013,"Noncore"
49015,"Noncore"
49017,"Noncore"
49019,"Noncore"
49021,"Micropolitan"
49023,"Medium metro"
49025,"Noncore"
49027,"Noncore"
49029,"Medium metro"
49035,"Large central metro"
49037,"Noncore"
49039,"Noncore"
49041,"Noncore"
49043,"Micropolitan"
49045,"Large fringe metro"
49047,"Micropolitan"
49049,"Medium metro"
49051,"Micropolitan"
49053,"Small metro"
49057,"Medium metro"
51001,"Noncore"
51003,"Small metro"
51005,"Noncore"
51007,"Large fringe metro"
51009,"Medium metro"
51011,"Medium metro"
51013,"Large central metro"
51015,"Small metro"
51017,"Noncore"
51019,"Medium metro"
51021,"Noncore"
51023,"Medium metro"
51025,"Noncore"
51027,"Noncore"
51029,"Small metro"
51031,"Medium metro"
51033,"Large fringe metro"
51035,"Noncore"
51036,"Large fringe metro"
51037,"Noncore"
51041,"Large fringe metro"
51043,"Large fringe metro"
51047,"Large fringe metro"
51049,"Noncore"
51051,"Micropolitan"
51053,"Large fringe metro"
51057,"Noncore"
51059,"Large fringe metro"
51061,"Large fringe metro"
51063,"Small metro"
51065,"Small metro"
51067,"Medium metro"
51069,"Small metro"
51071,"Small metro"
51073,"Large fringe metro"
51075,"Large fringe metro"
51077,"Noncore"
51079,"Small metro"
51081,"Noncore"
51083,"Noncore"
51085,"Large fringe metro"
51087,"Large fringe metro"
51089,"Micropolitan"
51091,"Noncore"
51093,"Large fringe metro"
51095,"Large fringe metro"
51097,"Noncore"
51099,"Noncore"
51101,"Large fringe metro"
51103,"Noncore"
51105,"Noncore"
51107,"Large fringe metro"
51109,"Noncore"
51111,"Noncore"
51113,"Noncore"
51115,"Large fringe metro"
51117,"Noncore"
51119,"Noncore"
51121,"Small metro"
51127,"Large fringe metro"
51131,"Noncore"
51133,"Noncore"
51135,"Noncore"
51137,"Noncore"
51139,"Noncore"
51141,"Noncore"
51143,"Micropolitan"
51145,"Large fringe metro"
51147,"Noncore"
51149,"Large fringe metro"
51153,"Large fringe metro"
51155,"Small metro"
51159,"Noncore"
51161,"Medium metro"
51163,"Noncore"
51165,"Small metro"
51167,"Noncore"
51169,"Medium metro"
51171,"Noncore"
51173,"Noncore"
51175,"Noncore"
51177,"Large fringe metro"
51179,"Large fringe metro"
51181,"Noncore"
51183,"Large fringe metro"
51185,"Micropolitan"
51187,"Large fringe metro"
51191,"Medium metro"
51193,"Noncore"
51195,"Micropolitan"
51197,"Noncore"
51199,"Large fringe metro"
51510,"Large central metro"
51520,"Medium metro"
51530,"Noncore"
51540,"Small metro"
51550,"Large fringe metro"
51570,"Large fringe metro"
51580,"Noncore"
51590,"Micropolitan"
51595,"Noncore"
51600,"Large fringe metro"
51610,"Large fringe metro"
51620,"Noncore"
51630,"Large fringe metro"
51640,"Noncore"
51650,"Large fringe metro"
51660,"Small metro"
51670,"Large fringe metro"
51678,"Noncore"
51680,"Medium metro"
51683,"Large fringe metro"
51685,"Large fringe metro"
51690,"Micropolitan"
51700,"Large fringe metro"
51710,"Large central metro"
51720,"Micropolitan"
51730,"Large fringe metro"
51735,"Large fringe metro"
51740,"Large fringe metro"
51750,"Small metro"
51760,"Large central metro"
51770,"Medium metro"
51775,"Medium metro"
51790,"Small metro"
51800,"Large fringe metro"
51810,"Large central metro"
51820,"Small metro"
51830,"Large fringe metro"
51840,"Small metro"
50001,"Noncore"
50003,"Micropolitan"
50005,"Noncore"
50007,"Small metro"
50011,"Small metro"
50013,"Small metro"
50015,"Noncore"
50017,"Micropolitan"
50019,"Noncore"
50021,"Micropolitan"
50023,"Micropolitan"
50025,"Noncore"
50027,"Micropolitan"
53001,"Micropolitan"
53003,"Small metro"
53005,"Medium metro"
53007,"Small metro"
53009,"Micropolitan"
53011,"Large fringe metro"
53013,"Small metro"
53015,"Small metro"
53017,"Small metro"
53019,"Noncore"
53021,"Medium metro"
53023,"Noncore"
53025,"Micropolitan"
53027,"Micropolitan"
53029,"Micropolitan"
53031,"Noncore"
53033,"Large central metro"
53035,"Medium metro"
53037,"Micropolitan"
53039,"Noncore"
53041,"Micropolitan"
53043,"Noncore"
53045,"Micropolitan"
53047,"Noncore"
53049,"Noncore"
53051,"Medium metro"
53053,"Large fringe metro"
53057,"Small metro"
53059,"Large fringe metro"
53061,"Large fringe metro"
53063,"Medium metro"
53065,"Medium metro"
53067,"Medium metro"
53071,"Small metro"
53073,"Small metro"
53075,"Micropolitan"
53077,"Small metro"
55001,"Noncore"
55003,"Noncore"
55005,"Noncore"
55007,"Noncore"
55009,"Medium metro"
55011,"Noncore"
55013,"Noncore"
55015,"Small metro"
55017,"Small metro"
55019,"Noncore"
55021,"Medium metro"
55023,"Noncore"
55025,"Medium metro"
55027,"Micropolitan"
55029,"Noncore"
55031,"Medium metro"
55033,"Micropolitan"
55035,"Small metro"
55037,"Micropolitan"
55039,"Small metro"
55041,"Noncore"
55043,"Micropolitan"
55045,"Medium metro"
55047,"Noncore"
55049,"Medium metro"
55051,"Noncore"
55053,"Noncore"
55055,"Micropolitan"
55057,"Noncore"
55059,"Large fringe metro"
55061,"Medium metro"
55063,"Small metro"
55065,"Noncore"
55067,"Noncore"
55069,"Micropolitan"
55071,"Micropolitan"
55073,"Small metro"
55075,"Micropolitan"
55077,"Noncore"
55079,"Large central metro"
55081,"Noncore"
55083,"Medium metro"
55085,"Noncore"
55087,"Small metro"
55089,"Large fringe metro"
55091,"Noncore"
55093,"Large fringe metro"
55095,"Noncore"
55097,"Micropolitan"
55099,"Noncore"
55101,"Small metro"
55103,"Noncore"
55105,"Small metro"
55107,"Noncore"
55109,"Large fringe metro"
55111,"Micropolitan"
55113,"Noncore"
55115,"Micropolitan"
55117,"Small metro"
55119,"Noncore"
55121,"Noncore"
55123,"Noncore"
55125,"Noncore"
55127,"Micropolitan"
55129,"Noncore"
55131,"Large fringe metro"
55133,"Large fringe metro"
55135,"Noncore"
55137,"Noncore"
55139,"Small metro"
55141,"Micropolitan"
54001,"Noncore"
54003,"Medium metro"
54005,"Small metro"
54007,"Noncore"
54009,"Small metro"
54011,"Medium metro"
54015,"Small metro"
54019,"Small metro"
54021,"Noncore"
54023,"Noncore"
54025,"Noncore"
54027,"Small metro"
54029,"Small metro"
54031,"Noncore"
54033,"Micropolitan"
54035,"Noncore"
54037,"Large fringe metro"
54039,"Small metro"
54041,"Noncore"
54045,"Micropolitan"
54047,"Noncore"
54049,"Micropolitan"
54051,"Small metro"
54053,"Micropolitan"
54055,"Micropolitan"
54057,"Small metro"
54059,"Noncore"
54061,"Small metro"
54063,"Noncore"
54065,"Noncore"
54067,"Noncore"
54069,"Small metro"
54071,"Noncore"
54073,"Noncore"
54075,"Noncore"
54077,"Small metro"
54079,"Medium metro"
54081,"Small metro"
54083,"Micropolitan"
54085,"Noncore"
54087,"Noncore"
54089,"Noncore"
54091,"Micropolitan"
54093,"Noncore"
54095,"Noncore"
54097,"Noncore"
54099,"Medium metro"
54103,"Noncore"
54107,"Small metro"
54109,"Noncore"
56001,"Micropolitan"
56003,"Noncore"
56005,"Micropolitan"
56007,"Noncore"
56009,"Noncore"
56011,"Noncore"
56013,"Micropolitan"
56015,"Noncore"
56017,"Noncore"
56019,"Noncore"
56021,"Small metro"
56023,"Noncore"
56025,"Small metro"
56027,"Noncore"
56029,"Noncore"
56031,"Noncore"
56033,"Micropolitan"
56035,"Noncore"
56037,"Micropolitan"
56039,"Micropolitan"
56041,"Micropolitan"
56043,"Noncore"
56045,"Noncore"
